,id_player,goals,inside_area,outside_area,right_foot,left_foot,head,other,penalties_scored
0,250139445,3,1,2,2,1,0,0,0
1,250112880,4,3,1,1,3,0,0,0
2,250159544,3,2,1,3,0,0,0,0
3,250091187,3,2,1,2,1,0,0,0
4,250121533,3,2,1,1,2,0,0,0
5,250127347,3,2,1,0,3,0,0,0
6,250096698,2,1,1,2,0,0,0,0
7,250113211,2,1,1,1,0,0,1,1
8,250160436,2,1,1,0,2,0,0,0
9,250099180,2,1,1,0,2,0,0,0
10,250079003,2,1,1,0,2,0,0,0
11,250091165,1,0,1,1,0,0,0,0
12,250196588,1,0,1,1,0,0,0,0
13,250137390,1,0,1,1,0,0,0,0
14,250088061,1,0,1,1,0,0,0,0
15,250005335,1,0,1,1,0,0,0,0
16,250197796,1,0,1,1,0,0,0,0
17,250172787,1,0,1,1,0,0,0,0
18,250132323,1,0,1,1,0,0,0,0
19,250123428,1,0,1,1,0,0,0,0
20,250022829,1,0,1,1,0,0,0,0
21,250110894,1,0,1,1,0,0,0,0
22,250140940,1,0,1,0,1,0,0,0
23,250176450,1,0,1,0,1,0,0,0
24,250118504,1,0,1,0,1,0,0,0
25,250063984,1,0,1,0,1,0,0,0
26,250194573,1,0,1,0,1,0,0,0
27,250106939,1,0,1,0,1,0,0,0
28,250016833,5,5,0,5,0,0,0,3
29,250080553,3,3,0,3,0,0,0,2
30,250146674,3,3,0,3,0,0,0,0
31,250102035,3,3,0,2,1,0,0,2
32,250153402,3,3,0,2,1,0,0,0
33,250002096,3,3,0,2,1,0,0,0
34,250103758,3,3,0,2,0,0,0,0
35,250147342,3,3,0,1,2,0,0,0
36,250127111,3,3,0,1,1,1,0,1
37,250121294,2,2,0,2,0,0,0,0
38,250105927,2,2,0,2,0,0,0,0
39,250081223,2,2,0,2,0,0,0,0
40,250063394,2,2,0,1,1,0,0,0
41,250169706,2,2,0,1,0,0,1,0
42,250101534,2,2,0,0,2,0,0,0
43,250171184,2,2,0,0,1,1,0,0
44,250135339,2,2,0,0,1,1,0,0
45,250028211,2,2,0,0,0,2,0,0
46,250187238,1,1,0,1,0,0,0,1
47,250130414,1,1,0,1,0,0,0,1
48,250097909,1,1,0,1,0,0,0,1
49,250079677,1,1,0,1,0,0,0,1
50,250017824,1,1,0,1,0,0,0,1
51,250145803,1,1,0,1,0,0,0,1
52,250189506,1,1,0,1,0,0,0,0
53,250123677,1,1,0,1,0,0,0,0
54,250108215,1,1,0,1,0,0,0,0
55,250081207,1,1,0,1,0,0,0,0
56,250181460,1,1,0,1,0,0,0,0
57,250174063,1,1,0,1,0,0,0,0
58,250172668,1,1,0,1,0,0,0,0
59,250171055,1,1,0,1,0,0,0,0
60,250144965,1,1,0,1,0,0,0,0
61,250144297,1,1,0,1,0,0,0,0
62,250124460,1,1,0,1,0,0,0,0
63,250116904,1,1,0,1,0,0,0,0
64,250112224,1,1,0,1,0,0,0,0
65,250105167,1,1,0,1,0,0,0,0
66,250104066,1,1,0,1,0,0,0,0
67,250102308,1,1,0,1,0,0,0,0
68,250099258,1,1,0,1,0,0,0,0
69,250091290,1,1,0,1,0,0,0,0
70,250076574,1,1,0,1,0,0,0,0
71,250064274,1,1,0,1,0,0,0,0
72,250028715,1,1,0,1,0,0,0,0
73,250019498,1,1,0,1,0,0,0,0
74,250138985,1,1,0,1,0,0,0,0
75,250137525,1,1,0,1,0,0,0,0
76,250092194,1,1,0,1,0,0,0,0
77,250081555,1,1,0,1,0,0,0,0
78,250040521,1,1,0,1,0,0,0,0
79,1903428,1,1,0,1,0,0,0,0
80,250187067,1,1,0,1,0,0,0,0
81,1905153,1,1,0,0,1,0,0,1
82,250134320,1,1,0,0,1,0,0,0
83,250106969,1,1,0,0,1,0,0,0
84,250032786,1,1,0,0,1,0,0,0
85,250193541,1,1,0,0,1,0,0,0
86,250188225,1,1,0,0,1,0,0,0
87,250172672,1,1,0,0,1,0,0,0
88,250118281,1,1,0,0,1,0,0,0
89,250056159,1,1,0,0,1,0,0,0
90,250052469,1,1,0,0,1,0,0,0
91,250043066,1,1,0,0,1,0,0,0
92,250042422,1,1,0,0,1,0,0,0
93,250141861,1,1,0,0,1,0,0,0
94,250135615,1,1,0,0,1,0,0,0
95,250117405,1,1,0,0,1,0,0,0
96,250068805,1,1,0,0,1,0,0,0
97,250066156,1,1,0,0,1,0,0,0
98,250064482,1,1,0,0,1,0,0,0
99,50327420,1,1,0,0,0,1,0,0
100,250194673,1,1,0,0,0,1,0,0
101,250145629,1,1,0,0,0,1,0,0
102,250129446,1,1,0,0,0,1,0,0
103,250118964,1,1,0,0,0,1,0,0
104,250091828,1,1,0,0,0,1,0,0
105,250091013,1,1,0,0,0,1,0,0
106,250087938,1,1,0,0,0,1,0,0
107,250063505,1,1,0,0,0,1,0,0
108,250041771,1,1,0,0,0,1,0,0
109,250040471,1,1,0,0,0,1,0,0
110,250181712,1,1,0,0,0,1,0,0
111,250064233,1,1,0,0,0,1,0,0
112,250156459,1,1,0,0,0,0,1,0
113,250130406,1,0,0,0,0,0,1,0
114,250183092,0,0,0,0,0,0,0,0
115,250169764,0,0,0,0,0,0,0,0
116,250168990,0,0,0,0,0,0,0,0
117,250157134,0,0,0,0,0,0,0,0
118,250131541,0,0,0,0,0,0,0,0
119,250122213,0,0,0,0,0,0,0,0
120,250121132,0,0,0,0,0,0,0,0
121,250116734,0,0,0,0,0,0,0,0
122,250099671,0,0,0,0,0,0,0,0
123,250098471,0,0,0,0,0,0,0,0
124,250096716,0,0,0,0,0,0,0,0
125,250085475,0,0,0,0,0,0,0,0
126,250068808,0,0,0,0,0,0,0,0
127,250064027,0,0,0,0,0,0,0,0
128,250061721,0,0,0,0,0,0,0,0
129,250052554,0,0,0,0,0,0,0,0
130,250049573,0,0,0,0,0,0,0,0
131,250013022,0,0,0,0,0,0,0,0
132,250005343,0,0,0,0,0,0,0,0
133,250005231,0,0,0,0,0,0,0,0
134,250004363,0,0,0,0,0,0,0,0
135,250000679,0,0,0,0,0,0,0,0
136,104733,0,0,0,0,0,0,0,0
137,98078,0,0,0,0,0,0,0,0
138,98023,0,0,0,0,0,0,0,0
139,97923,0,0,0,0,0,0,0,0
140,97746,0,0,0,0,0,0,0,0
141,74954,0,0,0,0,0,0,0,0
142,74699,0,0,0,0,0,0,0,0
143,250200313,0,0,0,0,0,0,0,0
144,250200308,0,0,0,0,0,0,0,0
145,250200298,0,0,0,0,0,0,0,0
146,250200231,0,0,0,0,0,0,0,0
147,250200228,0,0,0,0,0,0,0,0
148,250198501,0,0,0,0,0,0,0,0
149,250198274,0,0,0,0,0,0,0,0
150,250198240,0,0,0,0,0,0,0,0
151,250196712,0,0,0,0,0,0,0,0
152,250196709,0,0,0,0,0,0,0,0
153,250196543,0,0,0,0,0,0,0,0
154,250193518,0,0,0,0,0,0,0,0
155,250189363,0,0,0,0,0,0,0,0
156,250189047,0,0,0,0,0,0,0,0
157,250188511,0,0,0,0,0,0,0,0
158,250188474,0,0,0,0,0,0,0,0
159,250188247,0,0,0,0,0,0,0,0
160,250188223,0,0,0,0,0,0,0,0
161,250187759,0,0,0,0,0,0,0,0
162,250187672,0,0,0,0,0,0,0,0
163,250187620,0,0,0,0,0,0,0,0
164,250187221,0,0,0,0,0,0,0,0
165,250187184,0,0,0,0,0,0,0,0
166,250187143,0,0,0,0,0,0,0,0
167,250183519,0,0,0,0,0,0,0,0
168,250181680,0,0,0,0,0,0,0,0
169,250177886,0,0,0,0,0,0,0,0
170,250177497,0,0,0,0,0,0,0,0
171,250176453,0,0,0,0,0,0,0,0
172,250176201,0,0,0,0,0,0,0,0
173,250174822,0,0,0,0,0,0,0,0
174,250174126,0,0,0,0,0,0,0,0
175,250173502,0,0,0,0,0,0,0,0
176,250173126,0,0,0,0,0,0,0,0
177,250172673,0,0,0,0,0,0,0,0
178,250171301,0,0,0,0,0,0,0,0
179,250171278,0,0,0,0,0,0,0,0
180,250171067,0,0,0,0,0,0,0,0
181,250169730,0,0,0,0,0,0,0,0
182,250169705,0,0,0,0,0,0,0,0
183,250168465,0,0,0,0,0,0,0,0
184,250167977,0,0,0,0,0,0,0,0
185,250167111,0,0,0,0,0,0,0,0
186,250166930,0,0,0,0,0,0,0,0
187,250166754,0,0,0,0,0,0,0,0
188,250164991,0,0,0,0,0,0,0,0
189,250163786,0,0,0,0,0,0,0,0
190,250163623,0,0,0,0,0,0,0,0
191,250163454,0,0,0,0,0,0,0,0
192,250163447,0,0,0,0,0,0,0,0
193,250163400,0,0,0,0,0,0,0,0
194,250162865,0,0,0,0,0,0,0,0
195,250162325,0,0,0,0,0,0,0,0
196,250162177,0,0,0,0,0,0,0,0
197,250161881,0,0,0,0,0,0,0,0
198,250161248,0,0,0,0,0,0,0,0
199,250161141,0,0,0,0,0,0,0,0
200,250161140,0,0,0,0,0,0,0,0
201,250160568,0,0,0,0,0,0,0,0
202,250158901,0,0,0,0,0,0,0,0
203,250158476,0,0,0,0,0,0,0,0
204,250157930,0,0,0,0,0,0,0,0
205,250156457,0,0,0,0,0,0,0,0
206,250156235,0,0,0,0,0,0,0,0
207,250154416,0,0,0,0,0,0,0,0
208,250153945,0,0,0,0,0,0,0,0
209,250153849,0,0,0,0,0,0,0,0
210,250153349,0,0,0,0,0,0,0,0
211,250148830,0,0,0,0,0,0,0,0
212,250146926,0,0,0,0,0,0,0,0
213,250146610,0,0,0,0,0,0,0,0
214,250145845,0,0,0,0,0,0,0,0
215,250144858,0,0,0,0,0,0,0,0
216,250143693,0,0,0,0,0,0,0,0
217,250142271,0,0,0,0,0,0,0,0
218,250142158,0,0,0,0,0,0,0,0
219,250139207,0,0,0,0,0,0,0,0
220,250138928,0,0,0,0,0,0,0,0
221,250138382,0,0,0,0,0,0,0,0
222,250136465,0,0,0,0,0,0,0,0
223,250136464,0,0,0,0,0,0,0,0
224,250135672,0,0,0,0,0,0,0,0
225,250135416,0,0,0,0,0,0,0,0
226,250135101,0,0,0,0,0,0,0,0
227,250135068,0,0,0,0,0,0,0,0
228,250134856,0,0,0,0,0,0,0,0
229,250134536,0,0,0,0,0,0,0,0
230,250134304,0,0,0,0,0,0,0,0
231,250134138,0,0,0,0,0,0,0,0
232,250133390,0,0,0,0,0,0,0,0
233,250132831,0,0,0,0,0,0,0,0
234,250132811,0,0,0,0,0,0,0,0
235,250132730,0,0,0,0,0,0,0,0
236,250132407,0,0,0,0,0,0,0,0
237,250132401,0,0,0,0,0,0,0,0
238,250132399,0,0,0,0,0,0,0,0
239,250132195,0,0,0,0,0,0,0,0
240,250131901,0,0,0,0,0,0,0,0
241,250130786,0,0,0,0,0,0,0,0
242,250130234,0,0,0,0,0,0,0,0
243,250129965,0,0,0,0,0,0,0,0
244,250129746,0,0,0,0,0,0,0,0
245,250129175,0,0,0,0,0,0,0,0
246,250128451,0,0,0,0,0,0,0,0
247,250128409,0,0,0,0,0,0,0,0
248,250128385,0,0,0,0,0,0,0,0
249,250128377,0,0,0,0,0,0,0,0
250,250128255,0,0,0,0,0,0,0,0
251,250128222,0,0,0,0,0,0,0,0
252,250128120,0,0,0,0,0,0,0,0
253,250127540,0,0,0,0,0,0,0,0
254,250127492,0,0,0,0,0,0,0,0
255,250127439,0,0,0,0,0,0,0,0
256,250127284,0,0,0,0,0,0,0,0
257,250126449,0,0,0,0,0,0,0,0
258,250125538,0,0,0,0,0,0,0,0
259,250124849,0,0,0,0,0,0,0,0
260,250124430,0,0,0,0,0,0,0,0
261,250124068,0,0,0,0,0,0,0,0
262,250124006,0,0,0,0,0,0,0,0
263,250123910,0,0,0,0,0,0,0,0
264,250123695,0,0,0,0,0,0,0,0
265,250123304,0,0,0,0,0,0,0,0
266,250122983,0,0,0,0,0,0,0,0
267,250121965,0,0,0,0,0,0,0,0
268,250121584,0,0,0,0,0,0,0,0
269,250121552,0,0,0,0,0,0,0,0
270,250121218,0,0,0,0,0,0,0,0
271,250121149,0,0,0,0,0,0,0,0
272,250121017,0,0,0,0,0,0,0,0
273,250119677,0,0,0,0,0,0,0,0
274,250119181,0,0,0,0,0,0,0,0
275,250118391,0,0,0,0,0,0,0,0
276,250117806,0,0,0,0,0,0,0,0
277,250117705,0,0,0,0,0,0,0,0
278,250117471,0,0,0,0,0,0,0,0
279,250117406,0,0,0,0,0,0,0,0
280,250116951,0,0,0,0,0,0,0,0
281,250115436,0,0,0,0,0,0,0,0
282,250115192,0,0,0,0,0,0,0,0
283,250113993,0,0,0,0,0,0,0,0
284,250113444,0,0,0,0,0,0,0,0
285,250113392,0,0,0,0,0,0,0,0
286,250113373,0,0,0,0,0,0,0,0
287,250113276,0,0,0,0,0,0,0,0
288,250113237,0,0,0,0,0,0,0,0
289,250113103,0,0,0,0,0,0,0,0
290,250113001,0,0,0,0,0,0,0,0
291,250112978,0,0,0,0,0,0,0,0
292,250112974,0,0,0,0,0,0,0,0
293,250112969,0,0,0,0,0,0,0,0
294,250112803,0,0,0,0,0,0,0,0
295,250112690,0,0,0,0,0,0,0,0
296,250112400,0,0,0,0,0,0,0,0
297,250112217,0,0,0,0,0,0,0,0
298,250112186,0,0,0,0,0,0,0,0
299,250112122,0,0,0,0,0,0,0,0
300,250110734,0,0,0,0,0,0,0,0
301,250107477,0,0,0,0,0,0,0,0
302,250107324,0,0,0,0,0,0,0,0
303,250106967,0,0,0,0,0,0,0,0
304,250106709,0,0,0,0,0,0,0,0
305,250106649,0,0,0,0,0,0,0,0
306,250106148,0,0,0,0,0,0,0,0
307,250105818,0,0,0,0,0,0,0,0
308,250105717,0,0,0,0,0,0,0,0
309,250105612,0,0,0,0,0,0,0,0
310,250105244,0,0,0,0,0,0,0,0
311,250104075,0,0,0,0,0,0,0,0
312,250102868,0,0,0,0,0,0,0,0
313,250102866,0,0,0,0,0,0,0,0
314,250101727,0,0,0,0,0,0,0,0
315,250101557,0,0,0,0,0,0,0,0
316,250101444,0,0,0,0,0,0,0,0
317,250101284,0,0,0,0,0,0,0,0
318,250101238,0,0,0,0,0,0,0,0
319,250101144,0,0,0,0,0,0,0,0
320,250101097,0,0,0,0,0,0,0,0
321,250099459,0,0,0,0,0,0,0,0
322,250097638,0,0,0,0,0,0,0,0
323,250097337,0,0,0,0,0,0,0,0
324,250096954,0,0,0,0,0,0,0,0
325,250096849,0,0,0,0,0,0,0,0
326,250096309,0,0,0,0,0,0,0,0
327,250092668,0,0,0,0,0,0,0,0
328,250092517,0,0,0,0,0,0,0,0
329,250091199,0,0,0,0,0,0,0,0
330,250091198,0,0,0,0,0,0,0,0
331,250091172,0,0,0,0,0,0,0,0
332,250090766,0,0,0,0,0,0,0,0
333,250089289,0,0,0,0,0,0,0,0
334,250089228,0,0,0,0,0,0,0,0
335,250089225,0,0,0,0,0,0,0,0
336,250089209,0,0,0,0,0,0,0,0
337,250088150,0,0,0,0,0,0,0,0
338,250088104,0,0,0,0,0,0,0,0
339,250087118,0,0,0,0,0,0,0,0
340,250087102,0,0,0,0,0,0,0,0
341,250086789,0,0,0,0,0,0,0,0
342,250086316,0,0,0,0,0,0,0,0
343,250086315,0,0,0,0,0,0,0,0
344,250086263,0,0,0,0,0,0,0,0
345,250086037,0,0,0,0,0,0,0,0
346,250085751,0,0,0,0,0,0,0,0
347,250085369,0,0,0,0,0,0,0,0
348,250083732,0,0,0,0,0,0,0,0
349,250082469,0,0,0,0,0,0,0,0
350,250081921,0,0,0,0,0,0,0,0
351,250079545,0,0,0,0,0,0,0,0
352,250079541,0,0,0,0,0,0,0,0
353,250079383,0,0,0,0,0,0,0,0
354,250079279,0,0,0,0,0,0,0,0
355,250078012,0,0,0,0,0,0,0,0
356,250077679,0,0,0,0,0,0,0,0
357,250076631,0,0,0,0,0,0,0,0
358,250076357,0,0,0,0,0,0,0,0
359,250076126,0,0,0,0,0,0,0,0
360,250074010,0,0,0,0,0,0,0,0
361,250071671,0,0,0,0,0,0,0,0
362,250070417,0,0,0,0,0,0,0,0
363,250069832,0,0,0,0,0,0,0,0
364,250067630,0,0,0,0,0,0,0,0
365,250066131,0,0,0,0,0,0,0,0
366,250065419,0,0,0,0,0,0,0,0
367,250065301,0,0,0,0,0,0,0,0
368,250064446,0,0,0,0,0,0,0,0
369,250064444,0,0,0,0,0,0,0,0
370,250064273,0,0,0,0,0,0,0,0
371,250064252,0,0,0,0,0,0,0,0
372,250064232,0,0,0,0,0,0,0,0
373,250064188,0,0,0,0,0,0,0,0
374,250064064,0,0,0,0,0,0,0,0
375,250063980,0,0,0,0,0,0,0,0
376,250061361,0,0,0,0,0,0,0,0
377,250061027,0,0,0,0,0,0,0,0
378,250058722,0,0,0,0,0,0,0,0
379,250058258,0,0,0,0,0,0,0,0
380,250058227,0,0,0,0,0,0,0,0
381,250058220,0,0,0,0,0,0,0,0
382,250056566,0,0,0,0,0,0,0,0
383,250055663,0,0,0,0,0,0,0,0
384,250055660,0,0,0,0,0,0,0,0
385,250053044,0,0,0,0,0,0,0,0
386,250051754,0,0,0,0,0,0,0,0
387,250051291,0,0,0,0,0,0,0,0
388,250046522,0,0,0,0,0,0,0,0
389,250042780,0,0,0,0,0,0,0,0
390,250042631,0,0,0,0,0,0,0,0
391,250041770,0,0,0,0,0,0,0,0
392,250041626,0,0,0,0,0,0,0,0
393,250040573,0,0,0,0,0,0,0,0
394,250029535,0,0,0,0,0,0,0,0
395,250029318,0,0,0,0,0,0,0,0
396,250027780,0,0,0,0,0,0,0,0
397,250025791,0,0,0,0,0,0,0,0
398,250024456,0,0,0,0,0,0,0,0
399,250024370,0,0,0,0,0,0,0,0
400,250024349,0,0,0,0,0,0,0,0
401,250023097,0,0,0,0,0,0,0,0
402,250023009,0,0,0,0,0,0,0,0
403,250022869,0,0,0,0,0,0,0,0
404,250019616,0,0,0,0,0,0,0,0
405,250019573,0,0,0,0,0,0,0,0
406,250017040,0,0,0,0,0,0,0,0
407,250016616,0,0,0,0,0,0,0,0
408,250015966,0,0,0,0,0,0,0,0
409,250014709,0,0,0,0,0,0,0,0
410,250014042,0,0,0,0,0,0,0,0
411,250012069,0,0,0,0,0,0,0,0
412,250010223,0,0,0,0,0,0,0,0
413,250006714,0,0,0,0,0,0,0,0
414,250004721,0,0,0,0,0,0,0,0
415,1909917,0,0,0,0,0,0,0,0
416,107044,0,0,0,0,0,0,0,0
417,103335,0,0,0,0,0,0,0,0
418,102420,0,0,0,0,0,0,0,0
419,50327428,0,0,0,0,0,0,0,0
420,50327423,0,0,0,0,0,0,0,0
421,250198119,0,0,0,0,0,0,0,0
422,250197264,0,0,0,0,0,0,0,0
423,250196665,0,0,0,0,0,0,0,0
424,250196664,0,0,0,0,0,0,0,0
425,250196586,0,0,0,0,0,0,0,0
426,250193534,0,0,0,0,0,0,0,0
427,250193531,0,0,0,0,0,0,0,0
428,250193519,0,0,0,0,0,0,0,0
429,250193506,0,0,0,0,0,0,0,0
430,250192048,0,0,0,0,0,0,0,0
431,250191448,0,0,0,0,0,0,0,0
432,250189052,0,0,0,0,0,0,0,0
433,250188246,0,0,0,0,0,0,0,0
434,250187899,0,0,0,0,0,0,0,0
435,250187837,0,0,0,0,0,0,0,0
436,250187671,0,0,0,0,0,0,0,0
437,250185976,0,0,0,0,0,0,0,0
438,250181082,0,0,0,0,0,0,0,0
439,250177722,0,0,0,0,0,0,0,0
440,250174851,0,0,0,0,0,0,0,0
441,250174849,0,0,0,0,0,0,0,0
442,250174149,0,0,0,0,0,0,0,0
443,250172907,0,0,0,0,0,0,0,0
444,250171283,0,0,0,0,0,0,0,0
445,250169763,0,0,0,0,0,0,0,0
446,250169685,0,0,0,0,0,0,0,0
447,250169265,0,0,0,0,0,0,0,0
448,250166916,0,0,0,0,0,0,0,0
449,250164835,0,0,0,0,0,0,0,0
450,250164785,0,0,0,0,0,0,0,0
451,250163777,0,0,0,0,0,0,0,0
452,250163731,0,0,0,0,0,0,0,0
453,250163186,0,0,0,0,0,0,0,0
454,250161761,0,0,0,0,0,0,0,0
455,250156002,0,0,0,0,0,0,0,0
456,250155799,0,0,0,0,0,0,0,0
457,250154302,0,0,0,0,0,0,0,0
458,250153701,0,0,0,0,0,0,0,0
459,250153634,0,0,0,0,0,0,0,0
460,250143328,0,0,0,0,0,0,0,0
461,250141610,0,0,0,0,0,0,0,0
462,250139101,0,0,0,0,0,0,0,0
463,250139010,0,0,0,0,0,0,0,0
464,250138982,0,0,0,0,0,0,0,0
465,250138653,0,0,0,0,0,0,0,0
466,250134728,0,0,0,0,0,0,0,0
467,250132886,0,0,0,0,0,0,0,0
468,250132829,0,0,0,0,0,0,0,0
469,250132465,0,0,0,0,0,0,0,0
470,250132322,0,0,0,0,0,0,0,0
471,250132309,0,0,0,0,0,0,0,0
472,250129735,0,0,0,0,0,0,0,0
473,250129341,0,0,0,0,0,0,0,0
474,250128468,0,0,0,0,0,0,0,0
475,250128398,0,0,0,0,0,0,0,0
476,250128270,0,0,0,0,0,0,0,0
477,250127538,0,0,0,0,0,0,0,0
478,250127239,0,0,0,0,0,0,0,0
479,250124222,0,0,0,0,0,0,0,0
480,250124169,0,0,0,0,0,0,0,0
481,250122746,0,0,0,0,0,0,0,0
482,250122187,0,0,0,0,0,0,0,0
483,250121972,0,0,0,0,0,0,0,0
484,250121536,0,0,0,0,0,0,0,0
485,250121330,0,0,0,0,0,0,0,0
486,250118797,0,0,0,0,0,0,0,0
487,250117410,0,0,0,0,0,0,0,0
488,250116067,0,0,0,0,0,0,0,0
489,250115487,0,0,0,0,0,0,0,0
490,250115134,0,0,0,0,0,0,0,0
491,250114167,0,0,0,0,0,0,0,0
492,250113947,0,0,0,0,0,0,0,0
493,250113142,0,0,0,0,0,0,0,0
494,250112842,0,0,0,0,0,0,0,0
495,250110361,0,0,0,0,0,0,0,0
496,250106935,0,0,0,0,0,0,0,0
497,250106722,0,0,0,0,0,0,0,0
498,250105686,0,0,0,0,0,0,0,0
499,250104939,0,0,0,0,0,0,0,0
500,250104089,0,0,0,0,0,0,0,0
501,250103562,0,0,0,0,0,0,0,0
502,250103243,0,0,0,0,0,0,0,0
503,250102901,0,0,0,0,0,0,0,0
504,250101728,0,0,0,0,0,0,0,0
505,250101723,0,0,0,0,0,0,0,0
506,250101696,0,0,0,0,0,0,0,0
507,250101472,0,0,0,0,0,0,0,0
508,250101201,0,0,0,0,0,0,0,0
509,250099867,0,0,0,0,0,0,0,0
510,250096737,0,0,0,0,0,0,0,0
511,250091841,0,0,0,0,0,0,0,0
512,250091175,0,0,0,0,0,0,0,0
513,250090955,0,0,0,0,0,0,0,0
514,250090809,0,0,0,0,0,0,0,0
515,250089626,0,0,0,0,0,0,0,0
516,250088320,0,0,0,0,0,0,0,0
517,250081721,0,0,0,0,0,0,0,0
518,250081553,0,0,0,0,0,0,0,0
519,250080572,0,0,0,0,0,0,0,0
520,250080570,0,0,0,0,0,0,0,0
521,250080471,0,0,0,0,0,0,0,0
522,250080461,0,0,0,0,0,0,0,0
523,250079670,0,0,0,0,0,0,0,0
524,250078922,0,0,0,0,0,0,0,0
525,250078593,0,0,0,0,0,0,0,0
526,250077453,0,0,0,0,0,0,0,0
527,250068733,0,0,0,0,0,0,0,0
528,250067749,0,0,0,0,0,0,0,0
529,250067629,0,0,0,0,0,0,0,0
530,250067334,0,0,0,0,0,0,0,0
531,250067295,0,0,0,0,0,0,0,0
532,250066886,0,0,0,0,0,0,0,0
533,250066747,0,0,0,0,0,0,0,0
534,250066739,0,0,0,0,0,0,0,0
535,250066157,0,0,0,0,0,0,0,0
536,250065413,0,0,0,0,0,0,0,0
537,250059115,0,0,0,0,0,0,0,0
538,250058270,0,0,0,0,0,0,0,0
539,250058215,0,0,0,0,0,0,0,0
540,250055957,0,0,0,0,0,0,0,0
541,250055110,0,0,0,0,0,0,0,0
542,250055109,0,0,0,0,0,0,0,0
543,250054949,0,0,0,0,0,0,0,0
544,250052957,0,0,0,0,0,0,0,0
545,250052744,0,0,0,0,0,0,0,0
546,250042632,0,0,0,0,0,0,0,0
547,250042329,0,0,0,0,0,0,0,0
548,250041781,0,0,0,0,0,0,0,0
549,250041564,0,0,0,0,0,0,0,0
550,250039931,0,0,0,0,0,0,0,0
551,250028705,0,0,0,0,0,0,0,0
552,250026229,0,0,0,0,0,0,0,0
553,250024795,0,0,0,0,0,0,0,0
554,250024448,0,0,0,0,0,0,0,0
555,250020850,0,0,0,0,0,0,0,0
556,250013058,0,0,0,0,0,0,0,0
557,250011668,0,0,0,0,0,0,0,0
558,250007075,0,0,0,0,0,0,0,0
559,250006998,0,0,0,0,0,0,0,0
560,250003318,0,0,0,0,0,0,0,0
561,1909868,0,0,0,0,0,0,0,0
562,1907188,0,0,0,0,0,0,0,0
563,1906768,0,0,0,0,0,0,0,0
564,1906553,0,0,0,0,0,0,0,0
565,1906511,0,0,0,0,0,0,0,0
566,1902685,0,0,0,0,0,0,0,0
567,102153,0,0,0,0,0,0,0,0
568,250200307,0,0,0,0,0,0,0,0
569,250199913,0,0,0,0,0,0,0,0
570,250199902,0,0,0,0,0,0,0,0
571,250198122,0,0,0,0,0,0,0,0
572,250198120,0,0,0,0,0,0,0,0
573,250198114,0,0,0,0,0,0,0,0
574,250197958,0,0,0,0,0,0,0,0
575,250197801,0,0,0,0,0,0,0,0
576,250197800,0,0,0,0,0,0,0,0
577,250196663,0,0,0,0,0,0,0,0
578,250194564,0,0,0,0,0,0,0,0
579,250194557,0,0,0,0,0,0,0,0
580,250193442,0,0,0,0,0,0,0,0
581,250190378,0,0,0,0,0,0,0,0
582,250189107,0,0,0,0,0,0,0,0
583,250187793,0,0,0,0,0,0,0,0
584,250186923,0,0,0,0,0,0,0,0
585,250186123,0,0,0,0,0,0,0,0
586,250183510,0,0,0,0,0,0,0,0
587,250182794,0,0,0,0,0,0,0,0
588,250181428,0,0,0,0,0,0,0,0
589,250180309,0,0,0,0,0,0,0,0
590,250178782,0,0,0,0,0,0,0,0
591,250177879,0,0,0,0,0,0,0,0
592,250177597,0,0,0,0,0,0,0,0
593,250177423,0,0,0,0,0,0,0,0
594,250177333,0,0,0,0,0,0,0,0
595,250176491,0,0,0,0,0,0,0,0
596,250175393,0,0,0,0,0,0,0,0
597,250174830,0,0,0,0,0,0,0,0
598,250174602,0,0,0,0,0,0,0,0
599,250172594,0,0,0,0,0,0,0,0
600,250172340,0,0,0,0,0,0,0,0
601,250172227,0,0,0,0,0,0,0,0
602,250171667,0,0,0,0,0,0,0,0
603,250171045,0,0,0,0,0,0,0,0
604,250168996,0,0,0,0,0,0,0,0
605,250166680,0,0,0,0,0,0,0,0
606,250165236,0,0,0,0,0,0,0,0
607,250165221,0,0,0,0,0,0,0,0
608,250164781,0,0,0,0,0,0,0,0
609,250164780,0,0,0,0,0,0,0,0
610,250164004,0,0,0,0,0,0,0,0
611,250161142,0,0,0,0,0,0,0,0
612,250154309,0,0,0,0,0,0,0,0
613,250153851,0,0,0,0,0,0,0,0
614,250144964,0,0,0,0,0,0,0,0
615,250143669,0,0,0,0,0,0,0,0
616,250140936,0,0,0,0,0,0,0,0
617,250139255,0,0,0,0,0,0,0,0
618,250138999,0,0,0,0,0,0,0,0
619,250138626,0,0,0,0,0,0,0,0
620,250138250,0,0,0,0,0,0,0,0
621,250136445,0,0,0,0,0,0,0,0
622,250135607,0,0,0,0,0,0,0,0
623,250134190,0,0,0,0,0,0,0,0
624,250133903,0,0,0,0,0,0,0,0
625,250132810,0,0,0,0,0,0,0,0
626,250130771,0,0,0,0,0,0,0,0
627,250129343,0,0,0,0,0,0,0,0
628,250127024,0,0,0,0,0,0,0,0
629,250126267,0,0,0,0,0,0,0,0
630,250123978,0,0,0,0,0,0,0,0
631,250121329,0,0,0,0,0,0,0,0
632,250118912,0,0,0,0,0,0,0,0
633,250117511,0,0,0,0,0,0,0,0
634,250117491,0,0,0,0,0,0,0,0
635,250117415,0,0,0,0,0,0,0,0
636,250115948,0,0,0,0,0,0,0,0
637,250112513,0,0,0,0,0,0,0,0
638,250112117,0,0,0,0,0,0,0,0
639,250110159,0,0,0,0,0,0,0,0
640,250107089,0,0,0,0,0,0,0,0
641,250105890,0,0,0,0,0,0,0,0
642,250105681,0,0,0,0,0,0,0,0
643,250103561,0,0,0,0,0,0,0,0
644,250102417,0,0,0,0,0,0,0,0
645,250101313,0,0,0,0,0,0,0,0
646,250099399,0,0,0,0,0,0,0,0
647,250098468,0,0,0,0,0,0,0,0
648,250097935,0,0,0,0,0,0,0,0
649,250094540,0,0,0,0,0,0,0,0
650,250090719,0,0,0,0,0,0,0,0
651,250090398,0,0,0,0,0,0,0,0
652,250090101,0,0,0,0,0,0,0,0
653,250089824,0,0,0,0,0,0,0,0
654,250089719,0,0,0,0,0,0,0,0
655,250089688,0,0,0,0,0,0,0,0
656,250089276,0,0,0,0,0,0,0,0
657,250087967,0,0,0,0,0,0,0,0
658,250087877,0,0,0,0,0,0,0,0
659,250087431,0,0,0,0,0,0,0,0
660,250086709,0,0,0,0,0,0,0,0
661,250082664,0,0,0,0,0,0,0,0
662,250081931,0,0,0,0,0,0,0,0
663,250081720,0,0,0,0,0,0,0,0
664,250079112,0,0,0,0,0,0,0,0
665,250077750,0,0,0,0,0,0,0,0
666,250077644,0,0,0,0,0,0,0,0
667,250073809,0,0,0,0,0,0,0,0
668,250073778,0,0,0,0,0,0,0,0
669,250063957,0,0,0,0,0,0,0,0
670,250063617,0,0,0,0,0,0,0,0
671,250061589,0,0,0,0,0,0,0,0
672,250058218,0,0,0,0,0,0,0,0
673,250058044,0,0,0,0,0,0,0,0
674,250057117,0,0,0,0,0,0,0,0
675,250056982,0,0,0,0,0,0,0,0
676,250056189,0,0,0,0,0,0,0,0
677,250055899,0,0,0,0,0,0,0,0
678,250055216,0,0,0,0,0,0,0,0
679,250055149,0,0,0,0,0,0,0,0
680,250054969,0,0,0,0,0,0,0,0
681,250054393,0,0,0,0,0,0,0,0
682,250052849,0,0,0,0,0,0,0,0
683,250050416,0,0,0,0,0,0,0,0
684,250042521,0,0,0,0,0,0,0,0
685,250029862,0,0,0,0,0,0,0,0
686,250029377,0,0,0,0,0,0,0,0
687,250027008,0,0,0,0,0,0,0,0
688,250023551,0,0,0,0,0,0,0,0
689,250019346,0,0,0,0,0,0,0,0
690,250014636,0,0,0,0,0,0,0,0
691,250014114,0,0,0,0,0,0,0,0
692,250010259,0,0,0,0,0,0,0,0
693,250008901,0,0,0,0,0,0,0,0
694,250007631,0,0,0,0,0,0,0,0
695,250004986,0,0,0,0,0,0,0,0
696,1905643,0,0,0,0,0,0,0,0
697,1902445,0,0,0,0,0,0,0,0
698,108908,0,0,0,0,0,0,0,0
699,103806,0,0,0,0,0,0,0,0
700,93443,,,,,,,,
701,69178,,,,,,,,
702,250204164,,,,,,,,
703,250202692,,,,,,,,
704,250201731,,,,,,,,
705,250201718,,,,,,,,
706,250200248,,,,,,,,
707,250199905,,,,,,,,
708,250199900,,,,,,,,
709,250199899,,,,,,,,
710,250199543,,,,,,,,
711,250199225,,,,,,,,
712,250198502,,,,,,,,
713,250198498,,,,,,,,
714,250197866,,,,,,,,
715,250196593,,,,,,,,
716,250196587,,,,,,,,
717,250196584,,,,,,,,
718,250196581,,,,,,,,
719,250196544,,,,,,,,
720,250196542,,,,,,,,
721,250195173,,,,,,,,
722,250193410,,,,,,,,
723,250192873,,,,,,,,
724,250192699,,,,,,,,
725,250192405,,,,,,,,
726,250192269,,,,,,,,
727,250190780,,,,,,,,
728,250190776,,,,,,,,
729,250190774,,,,,,,,
730,250190375,,,,,,,,
731,250190117,,,,,,,,
732,250189610,,,,,,,,
733,250189230,,,,,,,,
734,250189174,,,,,,,,
735,250189136,,,,,,,,
736,250188470,,,,,,,,
737,250188129,,,,,,,,
738,250187771,,,,,,,,
739,250186116,,,,,,,,
740,250184504,,,,,,,,
741,250183894,,,,,,,,
742,250183341,,,,,,,,
743,250182971,,,,,,,,
744,250180810,,,,,,,,
745,250180112,,,,,,,,
746,250179734,,,,,,,,
747,250179137,,,,,,,,
748,250178085,,,,,,,,
749,250178076,,,,,,,,
750,250178067,,,,,,,,
751,250177933,,,,,,,,
752,250177612,,,,,,,,
753,250177593,,,,,,,,
754,250177426,,,,,,,,
755,250177381,,,,,,,,
756,250176532,,,,,,,,
757,250176488,,,,,,,,
758,250176477,,,,,,,,
759,250176229,,,,,,,,
760,250176213,,,,,,,,
761,250176212,,,,,,,,
762,250176188,,,,,,,,
763,250174995,,,,,,,,
764,250174737,,,,,,,,
765,250174331,,,,,,,,
766,250172534,,,,,,,,
767,250171662,,,,,,,,
768,250171659,,,,,,,,
769,250171100,,,,,,,,
770,250170952,,,,,,,,
771,250170141,,,,,,,,
772,250170133,,,,,,,,
773,250170117,,,,,,,,
774,250169918,,,,,,,,
775,250169894,,,,,,,,
776,250169891,,,,,,,,
777,250169577,,,,,,,,
778,250169576,,,,,,,,
779,250168729,,,,,,,,
780,250168060,,,,,,,,
781,250166787,,,,,,,,
782,250165547,,,,,,,,
783,250164989,,,,,,,,
784,250164740,,,,,,,,
785,250164626,,,,,,,,
786,250164169,,,,,,,,
787,250164068,,,,,,,,
788,250164054,,,,,,,,
789,250163658,,,,,,,,
790,250163505,,,,,,,,
791,250163224,,,,,,,,
792,250162627,,,,,,,,
793,250162176,,,,,,,,
794,250160990,,,,,,,,
795,250160835,,,,,,,,
796,250159294,,,,,,,,
797,250154458,,,,,,,,
798,250154332,,,,,,,,
799,250154301,,,,,,,,
800,250153773,,,,,,,,
801,250153677,,,,,,,,
802,250153412,,,,,,,,
803,250150470,,,,,,,,
804,250148144,,,,,,,,
805,250144288,,,,,,,,
806,250139387,,,,,,,,
807,250139028,,,,,,,,
808,250138956,,,,,,,,
809,250138635,,,,,,,,
810,250138623,,,,,,,,
811,250138286,,,,,,,,
812,250137521,,,,,,,,
813,250137395,,,,,,,,
814,250135608,,,,,,,,
815,250135499,,,,,,,,
816,250135497,,,,,,,,
817,250134952,,,,,,,,
818,250129928,,,,,,,,
819,250129831,,,,,,,,
820,250128391,,,,,,,,
821,250127502,,,,,,,,
822,250127149,,,,,,,,
823,250127130,,,,,,,,
824,250124400,,,,,,,,
825,250123440,,,,,,,,
826,250123020,,,,,,,,
827,250118962,,,,,,,,
828,250118787,,,,,,,,
829,250117408,,,,,,,,
830,250116759,,,,,,,,
831,250116069,,,,,,,,
832,250113263,,,,,,,,
833,250109859,,,,,,,,
834,250109381,,,,,,,,
835,250109378,,,,,,,,
836,250108031,,,,,,,,
837,250106979,,,,,,,,
838,250106880,,,,,,,,
839,250105664,,,,,,,,
840,250104128,,,,,,,,
841,250104101,,,,,,,,
842,250103498,,,,,,,,
843,250101698,,,,,,,,
844,250096761,,,,,,,,
845,250088389,,,,,,,,
846,250088122,,,,,,,,
847,250088117,,,,,,,,
848,250087542,,,,,,,,
849,250086637,,,,,,,,
850,250082738,,,,,,,,
851,250082625,,,,,,,,
852,250081634,,,,,,,,
853,250079522,,,,,,,,
854,250074072,,,,,,,,
855,250070418,,,,,,,,
856,250069830,,,,,,,,
857,250067821,,,,,,,,
858,250066521,,,,,,,,
859,250065307,,,,,,,,
860,250064310,,,,,,,,
861,250061507,,,,,,,,
862,250058260,,,,,,,,
863,250058121,,,,,,,,
864,250056861,,,,,,,,
865,250056735,,,,,,,,
866,250042779,,,,,,,,
867,250042778,,,,,,,,
868,250041563,,,,,,,,
869,250040599,,,,,,,,
870,250022366,,,,,,,,
871,250017814,,,,,,,,
872,250015753,,,,,,,,
873,250011071,,,,,,,,
874,250000104,,,,,,,,
875,108501,,,,,,,,
876,103827,,,,,,,,
877,101585,,,,,,,,
